,Product_Title,Product_Link
0,Energizer E241 - The new smart feature phone | Senior Phone | Keypad Phone |WIFI /Hotspot | WatsApp | Facebook | Youtube | Local Set with 1 Year Warranty | 1900 Big Battery | Dual 3G SIM Support,https://www.lazada.sg/products/energizer-e241-the-new-smart-feature-phone-senior-phone-keypad-phone-wifi-hotspot-watsapp-facebook-youtube-local-set-with-1-year-warranty-1900-big-battery-dual-3g-sim-support-i1231472119-s5024154020.html?search=1&freeshipping=1
1,Y2K 3G Flip Lite Senior Phone (1 year warranty!),https://www.lazada.sg/products/y2k-3g-flip-lite-senior-phone-1-year-warranty-i437902603-s1152962059.html?search=1&freeshipping=1
2,[SG] SIRIN LABS FINNEY - Blockchain Mobile Phone [Exclusive Distributor],https://www.lazada.sg/products/sg-sirin-labs-finney-blockchain-mobile-phone-exclusive-distributor-i346490442-s792226207.html?search=1&freeshipping=1
3,SHARP M1 (3GB/32GB),https://www.lazada.sg/products/sharp-m1-3gb32gb-i244571587-s375241995.html?search=1
4,INO CP168 4G Senior Phone Free Desktop Charger (1 Year Local Warranty) - T2 Electronics,https://www.lazada.sg/products/ino-cp168-4g-senior-phone-free-desktop-charger-1-year-local-warranty-t2-electronics-i1709580136-s8317779352.html?search=1
5,ASUS Rog 5 Asus Rog Phone 5 Smartphone Snapdragon 888 NFC Gaming Mobile Phone Global Rom Local Warranty,https://www.lazada.sg/products/asus-rog-5-asus-rog-phone-5-smartphone-snapdragon-888-nfc-gaming-mobile-phone-global-rom-local-warranty-i1653127535-s7788085257.html?search=1
6,Mobile Phone Original 2021 New M11 Pro 12GB RAM+512GB ROM Large Screen 7.3 Inches Smartphone Android 11.0 WIFI Support Face Recognition Screen Fingerprint Unlock,https://www.lazada.sg/products/mobile-phone-original-2021-new-m11-pro-12gb-ram512gb-rom-large-screen-73-inches-smartphone-android-110-wifi-support-face-recognition-screen-fingerprint-unlock-i1694212716-s8210745933.html?search=1
7,I12 Pro Max Mobile Phone HD Large-screen Face Recognition 12GB+512GB Smartphone Android Cellphone,https://www.lazada.sg/products/i12-pro-max-mobile-phone-hd-large-screen-face-recognition-12gb512gb-smartphone-android-cellphone-i1521346079-s7109732829.html?search=1
8,4GB 128GB Octa Core 10000mAh Battery OUKITEL WP6 Smartphone Rugged IP68 Waterproof Mobile Phone 16MP Triple Cameras 6.3'' FHD,https://www.lazada.sg/products/4gb-128gb-octa-core-10000mah-battery-oukitel-wp6-smartphone-rugged-ip68-waterproof-mobile-phone-16mp-triple-cameras-63-fhd-i974108533-s3491144976.html?search=1&freeshipping=1
9,CLE i11 PRO Max Mobile Phone 6.5 Inch HD Screen 8G+256G Large Memory Fahion Smartphone,https://www.lazada.sg/products/cle-i11-pro-max-mobile-phone-65-inch-hd-screen-8g256g-large-memory-fahion-smartphone-i1338278965-s5617736940.html?search=1
10,VIVO X50 / VIVO X50 Pro Snapdragon 765G Mobile Phone Local Warranty,https://www.lazada.sg/products/vivo-x50-vivo-x50-pro-snapdragon-765g-mobile-phone-local-warranty-i1569528230-s7370054188.html?search=1
11,Original And New Oukitel F150 B2021 IP68/69K SmartPhone 6GB+64GB 8000mAh Octa Core Mobile Phone NFC 5.86'' HD+ MediaTek Helio G25 13MP Camera Phone,https://www.lazada.sg/products/original-and-new-oukitel-f150-b2021-ip6869k-smartphone-6gb64gb-8000mah-octa-core-mobile-phone-nfc-586-hd-mediatek-helio-g25-13mp-camera-phone-i1606484398-s7564766991.html?search=1&freeshipping=1
12,6.3 inch P36 PRO Android Smartphone Dual SIM Face Fingerprint Recognition 4G+64G Mobile Phone,https://www.lazada.sg/products/63-inch-p36-pro-android-smartphone-dual-sim-face-fingerprint-recognition-4g64g-mobile-phone-i468318287-s1263728309.html?search=1
13,SOYES 7S+ Mini Mobile Phone 1.5  Display Torch Camera MP3 Hifi Sound GSM Kids Children Cell Phone,https://www.lazada.sg/products/soyes-7s-mini-mobile-phone-15-display-torch-camera-mp3-hifi-sound-gsm-kids-children-cell-phone-i877638229-s3026538684.html?search=1
14,"5G [New + Ori] Y47 smartphone 6.5 inch RAM 12GB 512GB ROM promotion mobile phone 800,000 Android mobile phone 21MP + 48MP",https://www.lazada.sg/products/5g-new-ori-y47-smartphone-65-inch-ram-12gb-512gb-rom-promotion-mobile-phone-800000-android-mobile-phone-21mp-48mp-i1470800444-s6829442405.html?search=1&freeshipping=1
15,Seg Maker Original And New Oukitel F150 B2021 IP68/69K SmartPhone 6GB+64GB 8000mAh Octa Core Mobile Phone NFC 5.86'' HD+ MediaTek Helio G25 13MP Camera Phone,https://www.lazada.sg/products/seg-maker-original-and-new-oukitel-f150-b2021-ip6869k-smartphone-6gb64gb-8000mah-octa-core-mobile-phone-nfc-586-hd-mediatek-helio-g25-13mp-camera-phone-i1606144105-s7563270384.html?search=1&freeshipping=1
16,2019 hot sales new Anica T8 Mini Fashion Ultra-thin Students Touch Control Mobile Phone For Alternate Card Cellphone,https://www.lazada.sg/products/2019-hot-sales-new-anica-t8-mini-fashion-ultra-thin-students-touch-control-mobile-phone-for-alternate-card-cellphone-i1099946761-s4247202040.html?search=1
17,(Global 4G LTE Bands) M10 plus Global Version 6GB RAM+128GB ROM Android 10.0 6.1 inch HD3040x1440 Smartphone Front Camera 24MP+Rear Camera 48MP With Face ID Fingerprint Unlock 4800mAh Mobile Phone,https://www.lazada.sg/products/global-4g-lte-bands-m10-plus-global-version-6gb-ram128gb-rom-android-100-61-inch-hd3040x1440-smartphone-front-camera-24mprear-camera-48mp-with-face-id-fingerprint-unlock-4800mah-mobile-phone-i1657777148-s8307027503.html?search=1&freeshipping=1
18,Fast Shipping 2021 New Original Cheap Galaxy S21+ ultra Mobile Phone with Smart Pen 16 + 512GB RAM Smart cellphone 6.7 Inch Full Screen Fashion 5G Smartphone Game 5G Mobile Phone HD Camera Samsung same model S21+ handphone,https://www.lazada.sg/products/fast-shipping-2021-new-original-cheap-galaxy-s21-ultra-mobile-phone-with-smart-pen-16-512gb-ram-smart-cellphone-67-inch-full-screen-fashion-5g-smartphone-game-5g-mobile-phone-hd-camera-samsung-same-model-s21-handphone-i1691343710-s8190776088.html?search=1&freeshipping=1
19,Original OUKITEL WP5 4G Rugged Phone Quad Core 4GB 32GB 8000mAh Mobile Phone 5.5 Inch Waterproof MT6761 Triple Camera Phone,https://www.lazada.sg/products/original-oukitel-wp5-4g-rugged-phone-quad-core-4gb-32gb-8000mah-mobile-phone-55-inch-waterproof-mt6761-triple-camera-phone-i1578316033-s7423430161.html?search=1&freeshipping=1
20,HTC One M9 4G LTE Mobile Phones HTC M9 Octa-core 32GB ROM 3GB RAM 20MP Camera WIFI NFC GPS Smartphone,https://www.lazada.sg/products/htc-one-m9-4g-lte-mobile-phones-htc-m9-octa-core-32gb-rom-3gb-ram-20mp-camera-wifi-nfc-gps-smartphone-i1549066514-s7251136143.html?search=1&freeshipping=1
21,Senior Phone | E241S | 4G network | 1 year warranty | Social media apps,https://www.lazada.sg/products/senior-phone-e241s-4g-network-1-year-warranty-social-media-apps-i1113042707-s4301252292.html?search=1
22,For Sony XZ Premium G8141 Unlocked Mobile Phone RAM 4GB ROM 64GB Single Sim GSM 4G LTE Android Octa Core 5.46  19MP WIFI GPS 3230mAh,https://www.lazada.sg/products/for-sony-xz-premium-g8141-unlocked-mobile-phone-ram-4gb-rom-64gb-single-sim-gsm-4g-lte-android-octa-core-546-19mp-wifi-gps-3230mah-i724922173-s2297554108.html?search=1&freeshipping=1
23,【hot！！！】X20pro smartphone 6.3inch Android handphone ram 6+128G rom 8+256G cellphone X20 X27 J7 P30 mate30 not sunfury phone IMEI terdaftar di database Kemenperin.,https://www.lazada.sg/products/hotx20pro-smartphone-63inch-android-handphone-ram-6128g-rom-8256g-cellphone-x20-x27-j7-p30-mate30-not-sunfury-phone-imei-terdaftar-di-database-kemenperin-i819222206-s2739376879.html?search=1
24,【 Free shipping】 12GB RAM + 512GB ROM M11 mini smartphone Android 10.0 4.0inch cellphone Full screen MTK6763 10-core 4G network 24MP + 48MP battery 3800mah m11 pro,https://www.lazada.sg/products/free-shipping-12gb-ram-512gb-rom-m11-mini-smartphone-android-100-40inch-cellphone-full-screen-mtk6763-10-core-4g-network-24mp-48mp-battery-3800mah-m11-pro-i1668893685-s8007206962.html?search=1&freeshipping=1
25,"OUKITEL K7 Pro 6"" 4GB 64GB 10000 mAh 13MP+5MP Super Long Standby handphone MTK6763 Octa-core mobile Phone Androrid 9.0 OS 4G phone",https://www.lazada.sg/products/oukitel-k7-pro-6-4gb-64gb-10000-mah-13mp5mp-super-long-standby-handphone-mtk6763-octa-core-mobile-phone-androrid-90-os-4g-phone-i602128812-s1749358557.html?search=1&freeshipping=1
26,Seg Maker Blackview BV9600E 4GB 128GB IP68 Waterproof Mobile Phone 6.21'' AMOLED Display Helio P70 Octa Core Android 9.0 NFC Smartphone,https://www.lazada.sg/products/seg-maker-blackview-bv9600e-4gb-128gb-ip68-waterproof-mobile-phone-621-amoled-display-helio-p70-octa-core-android-90-nfc-smartphone-i842992496-s2876156254.html?search=1&freeshipping=1
27,Fingerprint Unlock Phone FIGI Note 1 Smartphone 6.6inch Display 4000mAh Battery MTK Helio P25 Octa Core 3GB 32GB Mobile phone 13MP Dual Cam,https://www.lazada.sg/products/fingerprint-unlock-phone-figi-note-1-smartphone-66inch-display-4000mah-battery-mtk-helio-p25-octa-core-3gb-32gb-mobile-phone-13mp-dual-cam-i1719355489-s8793084797.html?search=1
28,OUKITEL Original And New WP10 6.67‘’ FHD Android 10.0 MTK6873 Octa Core 8000mAh 48MP Quad Camera 8GB 128GB IP68 Rugged Mobile Phone,https://www.lazada.sg/products/oukitel-original-and-new-wp10-667-fhd-android-100-mtk6873-octa-core-8000mah-48mp-quad-camera-8gb-128gb-ip68-rugged-mobile-phone-i1462674442-s6786316335.html?search=1&freeshipping=1
29,Smallst Flip Cellphone Ulcool F1 32MB+32MB MTK6261 GSM 300mAh Bluetooth Mini Backup Pocket Portable Mobile Phone Gift for Kid,https://www.lazada.sg/products/smallst-flip-cellphone-ulcool-f1-32mb32mb-mtk6261-gsm-300mah-bluetooth-mini-backup-pocket-portable-mobile-phone-gift-for-kid-i1088422896-s4195686653.html?search=1
30,【New+Ori】 2021 newest 100% new ori hp m10 plus cellphone RAM 8G + 256G 6.1inch promo handphone cheap cellphone wash warehouse Android 10.0 mobile phone 4800mah m10 plus smart phone,https://www.lazada.sg/products/newori-2021-newest-100-new-ori-hp-m10-plus-cellphone-ram-8g-256g-61inch-promo-handphone-cheap-cellphone-wash-warehouse-android-100-mobile-phone-4800mah-m10-plus-smart-phone-i1552282692-s7267238283.html?search=1&freeshipping=1
31,"Rino3 Pro 5.8 Inches Smart Phone, 4GB RAM + 64GB ROM,4000mAh, 8MP + 16MP Double Camera,Fingerprint Scanning,Quick Charging Mobile Phone,Cellphone",https://www.lazada.sg/products/rino3-pro-58-inches-smart-phone-4gb-ram-64gb-rom4000mah-8mp-16mp-double-camerafingerprint-scanningquick-charging-mobile-phonecellphone-i970804586-s3474020141.html?search=1
32,ORIGINAL mate50pro 12GB + 512GB 48MP Quad Camera 5600mAh 7.2  FHD fingerprint cheap cellphone under 1 million 12.12 smartphone mate50 pro,https://www.lazada.sg/products/original-mate50pro-12gb-512gb-48mp-quad-camera-5600mah-72-fhd-fingerprint-cheap-cellphone-under-1-million-1212-smartphone-mate50-pro-i1465766114-s6803988067.html?search=1&freeshipping=1
33,"Ulefone Armor X5 Rugged Phone, 3GB+32GB, IP68/IP69K Waterproof Dustproof Shockproof, Dual Back Cameras, Face Identification, 5000mAh, 5.5 inch Android 9.0 MTK6763 Octa Core 64-bit up to 2.0GHz, OTG, NFC, Network: 4G(Black)",https://www.lazada.sg/products/ulefone-armor-x5-rugged-phone-3gb32gb-ip68ip69k-waterproof-dustproof-shockproof-dual-back-cameras-face-identification-5000mah-55-inch-android-90-mtk6763-octa-core-64-bit-up-to-20ghz-otg-nfc-network-4gblack-i1556940513-s7290854567.html?search=1
34,【New+Ori】 cheap cellphone 600 thousand 100% new ori cellphone RAM 4G + 64G hp note30 plus promo handphone cheap cellphone wash warehouse Android 10.0 4800mah smart phone note 30 6.1inch,https://www.lazada.sg/products/newori-cheap-cellphone-600-thousand-100-new-ori-cellphone-ram-4g-64g-hp-note30-plus-promo-handphone-cheap-cellphone-wash-warehouse-android-100-4800mah-smart-phone-note-30-61inch-i1330384935-s5574314036.html?search=1&freeshipping=1
35,【 New】 real FULL SCREEN iboo5 promo cellphone 6.7inch 12G RAM + 256GB 512GB 128GB 5600MAH 48MP cheap android 5g cellphone wash warehouse hot,https://www.lazada.sg/products/new-real-full-screen-iboo5-promo-cellphone-67inch-12g-ram-256gb-512gb-128gb-5600mah-48mp-cheap-android-5g-cellphone-wash-warehouse-hot-i1462118925-s6782514607.html?search=1&freeshipping=1
36,"Ulefone Armor X5 Pro Rugged Phone, 4GB+64GB,Dual Back Cameras, Face Identification,5.5 inch Android 10.0 MTK6762V/WD Octa Core 64-bit up to 1.8GHz, OTG, NFC, Network: 4G",https://www.lazada.sg/products/ulefone-armor-x5-pro-rugged-phone-4gb64gbdual-back-cameras-face-identification55-inch-android-100-mtk6762vwd-octa-core-64-bit-up-to-18ghz-otg-nfc-network-4g-i1228356753-s5004340723.html?search=1
37,Nokia 3310 2G Feature Phone Dual SIM 2.4inch Color Screen BT 1500mAh 64MB 2MP Camera FM MP3 With LED Flashlight GSM Cell Phone,https://www.lazada.sg/products/nokia-3310-2g-feature-phone-dual-sim-24inch-color-screen-bt-1500mah-64mb-2mp-camera-fm-mp3-with-led-flashlight-gsm-cell-phone-i684408308-s2103734572.html?search=1&freeshipping=1
38,"Baseus 40W Car Charger for iPhone 12, Type C USB PD Fast Charge QC 4.0 Phone Charger Quick Charge, 20W Power Delivery",https://www.lazada.sg/products/baseus-40w-car-charger-for-iphone-12-type-c-usb-pd-fast-charge-qc-40-phone-charger-quick-charge-20w-power-delivery-i1740423942-s8723620646.html?search=1
39,Hontinga Casing Case For OPPO Find X3 X3 Pro 5G Case Ultra Thin Skin Feeling Frosted Transparent Hard Back Casing Soft Silicone Edge Full Cover Phone Cases Hard Case For Girls For Boys,https://www.lazada.sg/products/hontinga-casing-case-for-oppo-find-x3-x3-pro-5g-case-ultra-thin-skin-feeling-frosted-transparent-hard-back-casing-soft-silicone-edge-full-cover-phone-cases-hard-case-for-girls-for-boys-i1737780463-s8680412321.html?search=1&freeshipping=1
40,Xiaomi Redmi Note 10 4GB+64GB/6GB+128GB Global Version [1 Year Local Official Warranty],https://www.lazada.sg/products/xiaomi-redmi-note-10-4gb64gb6gb128gb-global-version-1-year-local-official-warranty-i1641921985-s7713965331.html?search=1&freeshipping=1
41,Xiaomi Redmi Note 10,https://www.lazada.sg/products/xiaomi-redmi-note-10-i1638049011-s7701232108.html?search=1&freeshipping=1
42,NOKIA 215 4G  64/128GB Global ROM (Export Set) Comfortable Grip and a Long-lasting Battery,https://www.lazada.sg/products/nokia-215-4g-64128gb-global-rom-export-set-comfortable-grip-and-a-long-lasting-battery-i1409032789-s6389090796.html?search=1&freeshipping=1
43,Energizer E241S - New Smart Feature Phone | 4G/LTE | Local Set with 1 Year Warranty,https://www.lazada.sg/products/energizer-e241s-new-smart-feature-phone-4glte-local-set-with-1-year-warranty-i1163884572-s4589408694.html?search=1&freeshipping=1
44,Apples iPhones 7 32GB 128GB 256GB / Original Used Secondhand / Singapore Set,https://www.lazada.sg/products/apples-iphones-7-32gb-128gb-256gb-original-used-secondhand-singapore-set-i638480147-s1919700821.html?search=1&freeshipping=1
45,Brand New Huawei Y9s 6GB 6.59  128GB  Warranty 2 Years by Huawei Singapore,https://www.lazada.sg/products/brand-new-huawei-y9s-6gb-659-128gb-warranty-2-years-by-huawei-singapore-i500314075-s1479818134.html?search=1
46,Samsung Galaxy A51 (6/128GB) (1 YEAR SAMSUNG WARRANTY),https://www.lazada.sg/products/samsung-galaxy-a51-6128gb-1-year-samsung-warranty-i778178795-s6009650590.html?search=1
47,Samsung Galaxy M21 Local Set 1 Year Warranty By Samsung,https://www.lazada.sg/products/samsung-galaxy-m21-local-set-1-year-warranty-by-samsung-i892956300-s3095810929.html?search=1
48,Samsung Galaxy A11 (2GB/32GB) (1 YEAR SAMSUNG WARRANTY ) FREE GIFT,https://www.lazada.sg/products/samsung-galaxy-a11-2gb32gb-1-year-samsung-warranty-free-gift-i370934038-s865476767.html?search=1
49,HUAWEI MediaPad M5 lite 3GB RAM/32GB ROM 7500mAh,https://www.lazada.sg/products/huawei-mediapad-m5-lite-3gb-ram32gb-rom-7500mah-i848926330-s2902220964.html?search=1
50,Huawei Y9s (128GB + 6GB) Free Gift,https://www.lazada.sg/products/huawei-y9s-128gb-6gb-free-gift-i553154254-s1568706694.html?search=1
51,Apple iPhone SE,https://www.lazada.sg/products/apple-iphone-se-i672058450-s2050418194.html?search=1&freeshipping=1
52,"Xiaomi Redmi 9T 4GB/64GB, 6GB/128GB, Free tempered glass + Free Back Case in box! (1 Year Xiaomi Singapore Warranty)",https://www.lazada.sg/products/xiaomi-redmi-9t-4gb64gb-6gb128gb-free-tempered-glass-free-back-case-in-box-1-year-xiaomi-singapore-warranty-i1554546786-s7280214583.html?search=1&freeshipping=1
53,Samsung A52 5G. 8GB+128GB/256GB. WATER PROOF SET WITH 1 Year warranty by Samsung Singapore.,https://www.lazada.sg/products/samsung-a52-5g-8gb128gb256gb-water-proof-set-with-1-year-warranty-by-samsung-singapore-i1678033385-s8147211292.html?search=1
54,Mi Xiaomi Note 10 (4G) (6GB RAM 128GB) | Note 10 | Local Set with 1 Year Warranty | Fast Shipping | SG Shipping | Global Version | 4G Phone | Redmi Phone | Redmi Note | Xiaomi Note 4G,https://www.lazada.sg/products/mi-xiaomi-note-10-4g-6gb-ram-128gb-note-10-local-set-with-1-year-warranty-fast-shipping-sg-shipping-global-version-4g-phone-redmi-phone-redmi-note-xiaomi-note-4g-i1641760424-s8241441225.html?search=1
55,Nokias 1100 Cheapest Unlocked 1100 Black color Mobile Phone Button phone,https://www.lazada.sg/products/nokias-1100-cheapest-unlocked-1100-black-color-mobile-phone-button-phone-i1600910310-s7541052429.html?search=1
56,Mobile Phone Original 2021 New M11 Pro 12GB RAM+512GB ROM Large Screen 7.3 Inches Smartphone Android 11.0 WIFI Support Face Recognition Screen Fingerprint Unlock,https://www.lazada.sg/products/mobile-phone-original-2021-new-m11-pro-12gb-ram512gb-rom-large-screen-73-inches-smartphone-android-110-wifi-support-face-recognition-screen-fingerprint-unlock-i1694212716-s8210745933.html?search=1
57,CLE i11 PRO Max Mobile Phone 6.5 Inch HD Screen 8G+256G Large Memory Fahion Smartphone,https://www.lazada.sg/products/cle-i11-pro-max-mobile-phone-65-inch-hd-screen-8g256g-large-memory-fahion-smartphone-i1338278965-s5617736940.html?search=1
58,【Gratis Shipping】 12GB RAM 512GB ROM M11 Pro Android 10.0 6.5Inch Ponsel Layar Penuh MTK6889 10-Core Jaringan 4G 24MP + 48MP Battery 6800Mah M11 Pro,https://www.lazada.sg/products/gratis-shipping-12gb-ram-512gb-rom-m11-pro-android-100-65inch-ponsel-layar-penuh-mtk6889-10-core-jaringan-4g-24mp-48mp-battery-6800mah-m11-pro-i1644312907-s7723480647.html?search=1&freeshipping=1
59,SOYES 7S+ Mini Mobile Phone 1.5  Display Torch Camera MP3 Hifi Sound GSM Kids Children Cell Phone,https://www.lazada.sg/products/soyes-7s-mini-mobile-phone-15-display-torch-camera-mp3-hifi-sound-gsm-kids-children-cell-phone-i877638229-s3026538684.html?search=1
60,"5G [New + Ori] Y47 smartphone 6.5 inch RAM 12GB 512GB ROM promotion mobile phone 800,000 Android mobile phone 21MP + 48MP",https://www.lazada.sg/products/5g-new-ori-y47-smartphone-65-inch-ram-12gb-512gb-rom-promotion-mobile-phone-800000-android-mobile-phone-21mp-48mp-i1470800444-s6829442405.html?search=1&freeshipping=1
61,【promo handphone】  mate 46 Pro smartphone 6.3 inch RAM 12G ROM 512G android cellphone  5G / 4G LTE,https://www.lazada.sg/products/promo-handphone-mate-46-pro-smartphone-63-inch-ram-12g-rom-512g-android-cellphone-5g-4g-lte-i1381476207-s6005054234.html?search=1&freeshipping=1
62,2019 hot sales new Anica T8 Mini Fashion Ultra-thin Students Touch Control Mobile Phone For Alternate Card Cellphone,https://www.lazada.sg/products/2019-hot-sales-new-anica-t8-mini-fashion-ultra-thin-students-touch-control-mobile-phone-for-alternate-card-cellphone-i1099946761-s4247202040.html?search=1
63,(Global 4G LTE Bands) M10 plus Global Version 6GB RAM+128GB ROM Android 10.0 6.1 inch HD3040x1440 Smartphone Front Camera 24MP+Rear Camera 48MP With Face ID Fingerprint Unlock 4800mAh Mobile Phone,https://www.lazada.sg/products/global-4g-lte-bands-m10-plus-global-version-6gb-ram128gb-rom-android-100-61-inch-hd3040x1440-smartphone-front-camera-24mprear-camera-48mp-with-face-id-fingerprint-unlock-4800mah-mobile-phone-i1657777148-s8307027503.html?search=1&freeshipping=1
64,Fast Shipping 2021 New Original Cheap Galaxy S21+ ultra Mobile Phone with Smart Pen 16 + 512GB RAM Smart cellphone 6.7 Inch Full Screen Fashion 5G Smartphone Game 5G Mobile Phone HD Camera Samsung same model S21+ handphone,https://www.lazada.sg/products/fast-shipping-2021-new-original-cheap-galaxy-s21-ultra-mobile-phone-with-smart-pen-16-512gb-ram-smart-cellphone-67-inch-full-screen-fashion-5g-smartphone-game-5g-mobile-phone-hd-camera-samsung-same-model-s21-handphone-i1691343710-s8190776088.html?search=1&freeshipping=1
65,HTC One M9 4G LTE Mobile Phones HTC M9 Octa-core 32GB ROM 3GB RAM 20MP Camera WIFI NFC GPS Smartphone,https://www.lazada.sg/products/htc-one-m9-4g-lte-mobile-phones-htc-m9-octa-core-32gb-rom-3gb-ram-20mp-camera-wifi-nfc-gps-smartphone-i1549066514-s7251136143.html?search=1&freeshipping=1
66,Senior Phone | E241S | 4G network | 1 year warranty | Social media apps,https://www.lazada.sg/products/senior-phone-e241s-4g-network-1-year-warranty-social-media-apps-i1113042707-s4301252292.html?search=1
67,【hot！！！】X20pro smartphone 6.3inch Android handphone ram 6+128G rom 8+256G cellphone X20 X27 J7 P30 mate30 not sunfury phone IMEI terdaftar di database Kemenperin.,https://www.lazada.sg/products/hotx20pro-smartphone-63inch-android-handphone-ram-6128g-rom-8256g-cellphone-x20-x27-j7-p30-mate30-not-sunfury-phone-imei-terdaftar-di-database-kemenperin-i819222206-s2739376879.html?search=1
68,【 Free shipping】 12GB RAM + 512GB ROM M11 mini smartphone Android 10.0 4.0inch cellphone Full screen MTK6763 10-core 4G network 24MP + 48MP battery 3800mah m11 pro,https://www.lazada.sg/products/free-shipping-12gb-ram-512gb-rom-m11-mini-smartphone-android-100-40inch-cellphone-full-screen-mtk6763-10-core-4g-network-24mp-48mp-battery-3800mah-m11-pro-i1668893685-s8007206962.html?search=1&freeshipping=1
69,Seg Maker OUKITEL WP5 IP68 Waterproof Smartphone MT6761 5.5 inch Screen 5V/2A 8000mAh Battery 13MP Triple Cameras 4GB 32GB Mobile Phone,https://www.lazada.sg/products/seg-maker-oukitel-wp5-ip68-waterproof-smartphone-mt6761-55-inch-screen-5v2a-8000mah-battery-13mp-triple-cameras-4gb-32gb-mobile-phone-i847150776-s2893904027.html?search=1&freeshipping=1
70,OUKITEL Original And New WP10 6.67‘’ FHD Android 10.0 MTK6873 Octa Core 8000mAh 48MP Quad Camera 8GB 128GB IP68 Rugged Mobile Phone,https://www.lazada.sg/products/oukitel-original-and-new-wp10-667-fhd-android-100-mtk6873-octa-core-8000mah-48mp-quad-camera-8gb-128gb-ip68-rugged-mobile-phone-i1462674442-s6786316335.html?search=1&freeshipping=1
71,UNIWA V808G Mobile Phone 3G Phone Strong Torch Senior Cellphone Elderly Big SOS Push-Button Phone,https://www.lazada.sg/products/uniwa-v808g-mobile-phone-3g-phone-strong-torch-senior-cellphone-elderly-big-sos-push-button-phone-i1565758361-s7347500098.html?search=1
72,Pre-Order Panasonic NN-ST25JWYPQ 20L Solo Microwave Oven ( Ship by 10 June),https://www.lazada.sg/products/pre-order-panasonic-nn-st25jwypq-20l-solo-microwave-oven-ship-by-10-june-i370838423-s865176660.html?search=1
73,Baseus 1.2meter 3 in 1 Micro USB + Type C + IPhone Cable For iPhone 12 11 Pro Max Samsung Xiaomi Multi Fast Charging Cable,https://www.lazada.sg/products/baseus-12meter-3-in-1-micro-usb-type-c-iphone-cable-for-iphone-12-11-pro-max-samsung-xiaomi-multi-fast-charging-cable-i474928410-s1290820591.html?search=1&freeshipping=1
74,Belkin Car Vent Mount PRO with MagSafe - Car Mount for iPhone 12 (Car Charger not included),https://www.lazada.sg/products/belkin-car-vent-mount-pro-with-magsafe-car-mount-for-iphone-12-car-charger-not-included-i1736841864-s8667936165.html?search=1&freeshipping=1
75,"[SG] Benks Paper-like Matte Film Screen Protector, Compatible with Apple iPad Air 4 / 10.2 / Pro 11/ 12.9 / Air 3 / Mini 5/4/9.7/Pro 9.7/Air 2/1-Write, Draw and Sketch on an iPad That Feels Like Paper",https://www.lazada.sg/products/sg-benks-paper-like-matte-film-screen-protector-compatible-with-apple-ipad-air-4-102-pro-11-129-air-3-mini-5497pro-97air-21-write-draw-and-sketch-on-an-ipad-that-feels-like-paper-i329410550-s703500323.html?search=1&freeshipping=1
76,"Vertical Laptop Stand, Double Slots, Dual Aluminium Desktop Stand Holder with Adjustable Dock (Up to 17.3 inch), Fits All MacBook / Surface / Samsung / HP / Dell / Chrome Book - Black / Grey / Silver / Rose Gold",https://www.lazada.sg/products/vertical-laptop-stand-double-slots-dual-aluminium-desktop-stand-holder-with-adjustable-dock-up-to-173-inch-fits-all-macbook-surface-samsung-hp-dell-chrome-book-black-grey-silver-rose-gold-i872860010-s3748442375.html?search=1&freeshipping=1
77,Nanotech Xiaomi Full Glass Screen Protector Redmi K30 K20 Pro Note 9 8 7 7a 5 5a Poco F1 Full Coverage Tempered Glass,https://www.lazada.sg/products/nanotech-xiaomi-full-glass-screen-protector-redmi-k30-k20-pro-note-9-8-7-7a-5-5a-poco-f1-full-coverage-tempered-glass-i296920886-s503562957.html?search=1
78,Baseus PD 20W USB C Cable for iPhone 12 Pro Max Fast Charge Cable for iPhone 11 XR XS 8 USB Type C Data Cable,https://www.lazada.sg/products/baseus-pd-20w-usb-c-cable-for-iphone-12-pro-max-fast-charge-cable-for-iphone-11-xr-xs-8-usb-type-c-data-cable-i1423314907-s6479938420.html?search=1
79,Nanotech Xiaomi Classic Fit Tempered Glass Redmi K20 /K20 Pro Screen Protector [0.2MM][Non-full Coverage],https://www.lazada.sg/products/nanotech-xiaomi-classic-fit-tempered-glass-redmi-k20-k20-pro-screen-protector-02mmnon-full-coverage-i347626993-s798422021.html?search=1
80,SHARP M1 (3GB/32GB),https://www.lazada.sg/products/sharp-m1-3gb32gb-i244571587-s375241995.html?search=1
81,ASUS Rog 5 Asus Rog Phone 5 Smartphone Snapdragon 888 NFC Gaming Mobile Phone Global Rom Local Warranty,https://www.lazada.sg/products/asus-rog-5-asus-rog-phone-5-smartphone-snapdragon-888-nfc-gaming-mobile-phone-global-rom-local-warranty-i1653127535-s7788085257.html?search=1
82,【Same Day Delivery】ASUS ROG Phone 5 | Phantom Black | Snapdragon 888 | 144Hz 2448x1080 FHD+ AMOLED | 16GB RAM | 256GB Storage | Global Version | Preloaded Google Playstore,https://www.lazada.sg/products/same-day-deliveryasus-rog-phone-5-phantom-black-snapdragon-888-144hz-2448x1080-fhd-amoled-16gb-ram-256gb-storage-global-version-preloaded-google-playstore-i1124594313-s8209986727.html?search=1&freeshipping=1
83,Xiaomi Black Shark 4 New Launch | 12GB RAM + 256GB | Global Version | One Year SG Official Warranty | Free Black Shark Fun Cooler | Free Extra SG 3 Pin Power Adapter,https://www.lazada.sg/products/xiaomi-black-shark-4-new-launch-12gb-ram-256gb-global-version-one-year-sg-official-warranty-free-black-shark-fun-cooler-free-extra-sg-3-pin-power-adapter-i1341816496-s8416823319.html?search=1&freeshipping=1
84,Samsung Galaxy A52 5G (Local set with 1 year Samsung Singapore warranty),https://www.lazada.sg/products/samsung-galaxy-a52-5g-local-set-with-1-year-samsung-singapore-warranty-i1676249920-s8096422507.html?search=1&freeshipping=1
85,Newest Vivo X60 / Vivo X60 Pro / Vivo X60 Pro+ VIVO 5G Phone Flash Charger NFC Smartphone Local Warranty,https://www.lazada.sg/products/newest-vivo-x60-vivo-x60-pro-vivo-x60-pro-vivo-5g-phone-flash-charger-nfc-smartphone-local-warranty-i1673731395-s8137548491.html?search=1&freeshipping=1
86,【HOT！】X60 pro 5G Smartphone 4K 7.1Inch Big Screen 4800mAh Large Battery RAM12GB+ROM512GB Handphone Support Dual SIM Cards Android 10.0 Fingerprint Recognition Face Unlock Mobile Phone Free Shipping Free Accessories,https://www.lazada.sg/products/hotx60-pro-5g-smartphone-4k-71inch-big-screen-4800mah-large-battery-ram12gbrom512gb-handphone-support-dual-sim-cards-android-100-fingerprint-recognition-face-unlock-mobile-phone-free-shipping-free-accessories-i1334134069-s5593552349.html?search=1&freeshipping=1
87,I12 Pro Max Mobile Phone HD Large-screen Face Recognition 12GB+512GB Smartphone Android Cellphone,https://www.lazada.sg/products/i12-pro-max-mobile-phone-hd-large-screen-face-recognition-12gb512gb-smartphone-android-cellphone-i1521346079-s7109732829.html?search=1
88,4GB 128GB Octa Core 10000mAh Battery OUKITEL WP6 Smartphone Rugged IP68 Waterproof Mobile Phone 16MP Triple Cameras 6.3'' FHD,https://www.lazada.sg/products/4gb-128gb-octa-core-10000mah-battery-oukitel-wp6-smartphone-rugged-ip68-waterproof-mobile-phone-16mp-triple-cameras-63-fhd-i974108533-s3491144976.html?search=1&freeshipping=1
89,Mate40 RS 7.2inci FHD RAM 12GB 512GB ROM 5G network Cheap mobile phone 50% discount mobile phone promotion sunfury  Mate 40 RS,https://www.lazada.sg/products/mate40-rs-72inci-fhd-ram-12gb-512gb-rom-5g-network-cheap-mobile-phone-50-discount-mobile-phone-promotion-sunfury-mate-40-rs-i1450660215-s6708284161.html?search=1&freeshipping=1
90,"OUKITEL C17 Pro 6.35""4GB 64GB 13MP+5MP+2MP Rear Camera Blind hole Display handphone Android 9.0 OS Octa-Core mobile phone MTK6763 2.0GHz Rear Fingerprint Face ID phone Sale",https://www.lazada.sg/products/oukitel-c17-pro-6354gb-64gb-13mp5mp2mp-rear-camera-blind-hole-display-handphone-android-90-os-octa-core-mobile-phone-mtk6763-20ghz-rear-fingerprint-face-id-phone-sale-i601880182-s1748036272.html?search=1&freeshipping=1
91,6.3 inch P36 PRO Android Smartphone Dual SIM Face Fingerprint Recognition 4G+64G Mobile Phone,https://www.lazada.sg/products/63-inch-p36-pro-android-smartphone-dual-sim-face-fingerprint-recognition-4g64g-mobile-phone-i468318287-s1263728309.html?search=1
92,Seg Maker Original And New Oukitel F150 B2021 IP68/69K SmartPhone 6GB+64GB 8000mAh Octa Core Mobile Phone NFC 5.86'' HD+ MediaTek Helio G25 13MP Camera Phone,https://www.lazada.sg/products/seg-maker-original-and-new-oukitel-f150-b2021-ip6869k-smartphone-6gb64gb-8000mah-octa-core-mobile-phone-nfc-586-hd-mediatek-helio-g25-13mp-camera-phone-i1606144105-s7563270384.html?search=1&freeshipping=1
93,Mini CellPhone Dual SIM Classic Little Mobile Phone H999 Loud Speaker Strong Torch Vibration Video FM,https://www.lazada.sg/products/mini-cellphone-dual-sim-classic-little-mobile-phone-h999-loud-speaker-strong-torch-vibration-video-fm-i1418326564-s6448044559.html?search=1
94,OUKITEL WP8 Pro  6.49'' HD+ Display 4GB 64GB 5000mAh NFC Mobile Phone IP68 Waterproof MT6762D Octa Core smartphone Android 10 handphone,https://www.lazada.sg/products/oukitel-wp8-pro-649-hd-display-4gb-64gb-5000mah-nfc-mobile-phone-ip68-waterproof-mt6762d-octa-core-smartphone-android-10-handphone-i1268798739-s5227184458.html?search=1&freeshipping=1
95,Nokias 3310 Cheap CellPhone 2G GSM Dark blue 900 mAh Mobile phone,https://www.lazada.sg/products/nokias-3310-cheap-cellphone-2g-gsm-dark-blue-900-mah-mobile-phone-i1591316953-s7492906803.html?search=1
96,OUKITEL WP7 6.53FHD+ 48MP 8GB 128GB Ip68 9V/2A 8000mAh Battery Rugged Waterproof handphone MT6779 Octa Core  48MP Triple Camera  mobile phone,https://www.lazada.sg/products/oukitel-wp7-653fhd-48mp-8gb-128gb-ip68-9v2a-8000mah-battery-rugged-waterproof-handphone-mt6779-octa-core-48mp-triple-camera-mobile-phone-i784934944-s3407730728.html?search=1&freeshipping=1
97,Eonet 5.5 Inch Mobile Phone Android 6.0 Smart Phone 3G WCDMA GSM Smartphone Dual SIM Card Octa Core Cellphone 512MB RAM + 4GB ROM,https://www.lazada.sg/products/eonet-55-inch-mobile-phone-android-60-smart-phone-3g-wcdma-gsm-smartphone-dual-sim-card-octa-core-cellphone-512mb-ram-4gb-rom-i364398707-s848936642.html?search=1&freeshipping=1
98,Seg Maker Blackview BV9600E 4GB 128GB IP68 Waterproof Mobile Phone 6.21'' AMOLED Display Helio P70 Octa Core Android 9.0 NFC Smartphone,https://www.lazada.sg/products/seg-maker-blackview-bv9600e-4gb-128gb-ip68-waterproof-mobile-phone-621-amoled-display-helio-p70-octa-core-android-90-nfc-smartphone-i842992496-s2876156254.html?search=1&freeshipping=1
99,Handphone IP12 Mini Smartphone 8 Core 5.8inch HD Screen 6GB + 128GB MTK6589 Android Phone Mobile Phone Cheap HP Android Sale Latest Laundry 2020,https://www.lazada.sg/products/handphone-ip12-mini-smartphone-8-core-58inch-hd-screen-6gb-128gb-mtk6589-android-phone-mobile-phone-cheap-hp-android-sale-latest-laundry-2020-i1327484481-s5559884184.html?search=1&freeshipping=1
100,"Original N8 Mobile Phone 3.5"" Capacitive Touch screen Camera 12MP 3G Unlocked N8 Cellphone",https://www.lazada.sg/products/original-n8-mobile-phone-35-capacitive-touch-screen-camera-12mp-3g-unlocked-n8-cellphone-i714630858-s2253062930.html?search=1
101,Smallst Flip Cellphone Ulcool F1 32MB+32MB MTK6261 GSM 300mAh Bluetooth Mini Backup Pocket Portable Mobile Phone Gift for Kid,https://www.lazada.sg/products/smallst-flip-cellphone-ulcool-f1-32mb32mb-mtk6261-gsm-300mah-bluetooth-mini-backup-pocket-portable-mobile-phone-gift-for-kid-i1088422896-s4195686653.html?search=1
102,Melrose 2019end Mini Android Smartphone 1GB+8GB 4G Network Wifi GPS 3.5'' Small Size Face Recognion Backup Student Mobile Phone,https://www.lazada.sg/products/melrose-2019end-mini-android-smartphone-1gb8gb-4g-network-wifi-gps-35-small-size-face-recognion-backup-student-mobile-phone-i1128782270-s4379392052.html?search=1
103,Y2K 3G Flip 2 Senior Phone  with 1 year Local Warranty,https://www.lazada.sg/products/y2k-3g-flip-2-senior-phone-with-1-year-local-warranty-i282468330-s5606416465.html?search=1&freeshipping=1
104,UNIWA V808G Mobile Phone Russian Keyboard 3G WCDMA Phone Strong Torch Senior Cellphone Elderly Big SOS Push-Button Phone Old Man,https://www.lazada.sg/products/uniwa-v808g-mobile-phone-russian-keyboard-3g-wcdma-phone-strong-torch-senior-cellphone-elderly-big-sos-push-button-phone-old-man-i674782506-s2062016470.html?search=1
105,Luxury Metal clamshell Phone Ulcool V9 Super Mini Flip Mobile Phone With 1.54inch FM MP3 Bluetooth Dialer Anti-lost Cell Phone,https://www.lazada.sg/products/luxury-metal-clamshell-phone-ulcool-v9-super-mini-flip-mobile-phone-with-154inch-fm-mp3-bluetooth-dialer-anti-lost-cell-phone-i1102228200-s4256126956.html?search=1&freeshipping=1
106,4G 【promo handphone + Free headset】 rino4 Pro 4 + 64GB cheapest android cellphone 5.8 inch smartphone Android 9.1 4800mAh cellphone original gaming cheap cellphone 500 thousand,https://www.lazada.sg/products/4g-promo-handphone-free-headset-rino4-pro-4-64gb-cheapest-android-cellphone-58-inch-smartphone-android-91-4800mah-cellphone-original-gaming-cheap-cellphone-500-thousand-i1428100940-s6517268663.html?search=1&freeshipping=1
107,"For Nokia 3310 3G Mobile Phones 2.4"" 4G GSM 2MP Camera New Arrival Unlocked Cellphone",https://www.lazada.sg/products/for-nokia-3310-3g-mobile-phones-24-4g-gsm-2mp-camera-new-arrival-unlocked-cellphone-i1720342304-s8436367383.html?search=1&freeshipping=1
108,Unlocked Original Nokias 8850 Cell Phone Popular (Black or white LOGO shipped randomly),https://www.lazada.sg/products/unlocked-original-nokias-8850-cell-phone-popular-black-or-white-logo-shipped-randomly-i1202344276-s4828534053.html?search=1
109,note9plus 5.8 inch full screen ram 6 / 128GB 8MP cellphone + 13MP Android 10.0 free gift bonus for the latest oppo cellphone 2020 cheap cellphone 600 thousand promo cellphones,https://www.lazada.sg/products/note9plus-58-inch-full-screen-ram-6-128gb-8mp-cellphone-13mp-android-100-free-gift-bonus-for-the-latest-oppo-cellphone-2020-cheap-cellphone-600-thousand-promo-cellphones-i1327002447-s5557722669.html?search=1&freeshipping=1
110,"Rino3 Pro 5.8 Inches Smart Phone, 4GB RAM + 64GB ROM,4000mAh, 8MP + 16MP Double Camera,Fingerprint Scanning,Quick Charging Mobile Phone,Cellphone",https://www.lazada.sg/products/rino3-pro-58-inches-smart-phone-4gb-ram-64gb-rom4000mah-8mp-16mp-double-camerafingerprint-scanningquick-charging-mobile-phonecellphone-i970804586-s3474020141.html?search=1
111,Nokia 215 4G Mobile,https://www.lazada.sg/products/nokia-215-4g-mobile-i1501526520-s7006536004.html?search=1&freeshipping=1
112,Nanotech Xiaomi Redmi 5A/ 5 Tempered Glass Screen Protector [0.2MM][Non-full Coverage],https://www.lazada.sg/products/nanotech-xiaomi-redmi-5a-5-tempered-glass-screen-protector-02mmnon-full-coverage-i115043362-s400600062.html?search=1
113,"Baseus 40W Car Charger for iPhone 12, Type C USB PD Fast Charge QC 4.0 Phone Charger Quick Charge, 20W Power Delivery",https://www.lazada.sg/products/baseus-40w-car-charger-for-iphone-12-type-c-usb-pd-fast-charge-qc-40-phone-charger-quick-charge-20w-power-delivery-i1740423942-s8723620646.html?search=1
114,Vention Micro USB to USB 2.0 Adapter Micro USB OTG Adapter  Male to Female Adapter for Micro B tablet Phone Hard drive USB hub Card reader Micro B OTG Adapter,https://www.lazada.sg/products/vention-micro-usb-to-usb-20-adapter-micro-usb-otg-adapter-male-to-female-adapter-for-micro-b-tablet-phone-hard-drive-usb-hub-card-reader-micro-b-otg-adapter-i1736766193-s8664176522.html?search=1&freeshipping=1
115,Baseus 100W Car Charger Quick Charge 4.0 QC 3.0 USB Type C Charger PD Fast Charging For iPhone 12 Samsung Xiaomi Macbook Laptop,https://www.lazada.sg/products/baseus-100w-car-charger-quick-charge-40-qc-30-usb-type-c-charger-pd-fast-charging-for-iphone-12-samsung-xiaomi-macbook-laptop-i1736924554-s8667748102.html?search=1&freeshipping=1
116,LeArmor OnePlus 7 Pro (3D) Crystal Clear Nano Film Screen Protector (Authentic),https://www.lazada.sg/products/learmor-oneplus-7-pro-3d-crystal-clear-nano-film-screen-protector-authentic-i1735666030-s8648782147.html?search=1
117,Google Chromecast 3 - 3rd Generation Local Singapore Set,https://www.lazada.sg/products/google-chromecast-3-3rd-generation-local-singapore-set-i286454078-s459876322.html?search=1
118,GP ReCyko Everyday Charger (USB) B421 4-slot NiMH with 4 x AA 2100mAh NiMH Batteries,https://www.lazada.sg/products/gp-recyko-everyday-charger-usb-b421-4-slot-nimh-with-4-x-aa-2100mah-nimh-batteries-i1738003925-s8685124900.html?search=1
119,【Effective Cooling】BlueWow X3A Mobile Phone Semiconductor Radiator /Silent Phone Magnetic Cooling Fan For Gaming Smart Temperature Control,https://www.lazada.sg/products/effective-coolingbluewow-x3a-mobile-phone-semiconductor-radiator-silent-phone-magnetic-cooling-fan-for-gaming-smart-temperature-control-i1736191989-s8660228216.html?search=1&freeshipping=1
120,(Local Seller&Warranty) Samsung Galaxy S21+ 5G | 1 Year Local Samsung Warranty,https://www.lazada.sg/products/local-sellerwarranty-samsung-galaxy-s21-5g-1-year-local-samsung-warranty-i357152446-s8217870471.html?search=1&freeshipping=1
121,(Local Seller&Warranty) Samsung Galaxy S21+ 5G | 1 Year Local Samsung Warranty,https://www.lazada.sg/products/local-sellerwarranty-samsung-galaxy-s21-5g-1-year-local-samsung-warranty-i726992703-s8218900681.html?search=1&freeshipping=1
122,VIVO X50 / VIVO X50 Pro Snapdragon 765G Mobile Phone Local Warranty,https://www.lazada.sg/products/vivo-x50-vivo-x50-pro-snapdragon-765g-mobile-phone-local-warranty-i1569528230-s7370054188.html?search=1
123,Original And New Oukitel F150 B2021 IP68/69K SmartPhone 6GB+64GB 8000mAh Octa Core Mobile Phone NFC 5.86'' HD+ MediaTek Helio G25 13MP Camera Phone,https://www.lazada.sg/products/original-and-new-oukitel-f150-b2021-ip6869k-smartphone-6gb64gb-8000mah-octa-core-mobile-phone-nfc-586-hd-mediatek-helio-g25-13mp-camera-phone-i1606484398-s7564766991.html?search=1&freeshipping=1
124,Original OUKITEL WP5 4G Rugged Phone Quad Core 4GB 32GB 8000mAh Mobile Phone 5.5 Inch Waterproof MT6761 Triple Camera Phone,https://www.lazada.sg/products/original-oukitel-wp5-4g-rugged-phone-quad-core-4gb-32gb-8000mah-mobile-phone-55-inch-waterproof-mt6761-triple-camera-phone-i1578316033-s7423430161.html?search=1&freeshipping=1
125,Blackview BV6300 Pro Helio P70 6GB+128GB Smartphone 4380mAh Android 10 Mobile Phone Quad Camere NFC IP68 Waterproof Rugged Phone,https://www.lazada.sg/products/blackview-bv6300-pro-helio-p70-6gb128gb-smartphone-4380mah-android-10-mobile-phone-quad-camere-nfc-ip68-waterproof-rugged-phone-i1537322123-s7192658393.html?search=1&freeshipping=1
126,【Free Earphone】8GB RAM + 256GB ROM Smartphone S20U 6.5inch 5000mAh Battery 16MP+23MP Camera Dual SIM Card Android Mobile Phone,https://www.lazada.sg/products/free-earphone8gb-ram-256gb-rom-smartphone-s20u-65inch-5000mah-battery-16mp23mp-camera-dual-sim-card-android-mobile-phone-i627806031-s1877174354.html?search=1
127,【ready stock】Seg Maker original and new OUKITEL WP5/WP5 Pro 8000mAh 4GB+32GB/64GB IP68 Android 10.0 Waterproof Triple Camera 5.5 inches Rugged Smartphone 4G LTE Dual SIM Mobile Phone Face/Fingerprint ID GPS,https://www.lazada.sg/products/ready-stockseg-maker-original-and-new-oukitel-wp5wp5-pro-8000mah-4gb32gb64gb-ip68-android-100-waterproof-triple-camera-55-inches-rugged-smartphone-4g-lte-dual-sim-mobile-phone-facefingerprint-id-gps-i1014570619-s3719840305.html?search=1&freeshipping=1
128,"OUKITEL K7 Pro 6"" 4GB 64GB 10000 mAh 13MP+5MP Super Long Standby handphone MTK6763 Octa-core mobile Phone Androrid 9.0 OS 4G phone",https://www.lazada.sg/products/oukitel-k7-pro-6-4gb-64gb-10000-mah-13mp5mp-super-long-standby-handphone-mtk6763-octa-core-mobile-phone-androrid-90-os-4g-phone-i602128812-s1749358557.html?search=1&freeshipping=1
129,(Global 5G LTE Bands) i12 Pro max Global Version 12GB RAM+512GB ROM Android 10.0  4G 7.2inch HD3040x1440 Smartphone Front Camera 21MP+Rear Camera 48MP With Face ID Fingerprint Unlock 5600mAh Mobile Phone,https://www.lazada.sg/products/global-5g-lte-bands-i12-pro-max-global-version-12gb-ram512gb-rom-android-100-4g-72inch-hd3040x1440-smartphone-front-camera-21mprear-camera-48mp-with-face-id-fingerprint-unlock-5600mah-mobile-phone-i1521274242-s7109462601.html?search=1&freeshipping=1
130,"4G network 【2020 NEW】 phone 8 + 256GB Android smartphone 6.1inch 8 + 128GB mobile Dual card, dual standby, cheap phone gift I12pro cellphone 4800mah Android battery",https://www.lazada.sg/products/4g-network-2020-new-phone-8-256gb-android-smartphone-61inch-8-128gb-mobile-dual-card-dual-standby-cheap-phone-gift-i12pro-cellphone-4800mah-android-battery-i1056654404-s3975386337.html?search=1
131,E-ERA For Nokia 5310xm Straight Mobile Phone Low End Ultra-thin Music Phone,https://www.lazada.sg/products/e-era-for-nokia-5310xm-straight-mobile-phone-low-end-ultra-thin-music-phone-i419986081-s1059004016.html?search=1
132,Original And New OUKITEL WP8 Pro IP68 Rugged Smartphone Android 10 4GB 64GB 5000mAh 16MP Triple Camera NFC 6.49 inch Mobile Phone Waterproof,https://www.lazada.sg/products/original-and-new-oukitel-wp8-pro-ip68-rugged-smartphone-android-10-4gb-64gb-5000mah-16mp-triple-camera-nfc-649-inch-mobile-phone-waterproof-i1608880599-s7572440510.html?search=1&freeshipping=1
133,OUKITEL K13 Pro 6.41” 4GB 64GB 11000mAh NFC 5V/6A Fast Charge cellphone MT6762 Octa Core Android 9.0 mobile phone Face ID handphone,https://www.lazada.sg/products/oukitel-k13-pro-641-4gb-64gb-11000mah-nfc-5v6a-fast-charge-cellphone-mt6762-octa-core-android-90-mobile-phone-face-id-handphone-i602184949-s1749734846.html?search=1&freeshipping=1
134,Hot Sellers Retread For Nokia 5310 XpressMusic Unlocked 2.1 inch Mobile Phone Cellphone,https://www.lazada.sg/products/hot-sellers-retread-for-nokia-5310-xpressmusic-unlocked-21-inch-mobile-phone-cellphone-i297304841-s505208493.html?search=1
135,S10+ 6.5  Full Screen Android Smartphone 8MP + 16MP Camera Face Recognition Mobile Phone (6G+128G),https://www.lazada.sg/products/s10-65-full-screen-android-smartphone-8mp-16mp-camera-face-recognition-mobile-phone-6g128g-i468346121-s1263706486.html?search=1
136,i12 Pro Max Cellphone Ram 12GB/ Rom 512GB 6.7  Large Full Screen Dual SIM Card 16MP + 32MP HD Camera Blue Smartphone,https://www.lazada.sg/products/i12-pro-max-cellphone-ram-12gb-rom-512gb-67-large-full-screen-dual-sim-card-16mp-32mp-hd-camera-blue-smartphone-i1471990498-s6838154319.html?search=1&freeshipping=1
137,Sony Ericsson W595 Slide Mobile Phone Original Full Set,https://www.lazada.sg/products/sony-ericsson-w595-slide-mobile-phone-original-full-set-i1202860440-s4832306067.html?search=1
138,Seg Maker Original And New OUKITEL C18 Pro 6.55  HD+ 4GB 64GB 16MP 4 Cameras HD Android 9.0 MTK6757 Octa Core handphone 4G LTE 4000mAh 5V2A mobile phone,https://www.lazada.sg/products/seg-maker-original-and-new-oukitel-c18-pro-655-hd-4gb-64gb-16mp-4-cameras-hd-android-90-mtk6757-octa-core-handphone-4g-lte-4000mah-5v2a-mobile-phone-i1677604967-s8104396182.html?search=1&freeshipping=1
139,"Ericsson T28s Original Cell Phone Unlocked, 2g GSM Mobile Phone Black Color",https://www.lazada.sg/products/ericsson-t28s-original-cell-phone-unlocked-2g-gsm-mobile-phone-black-color-i1167894413-s4615726456.html?search=1
140,NOKIA 215 4G WITH LOCAL SELLER WARRANTY,https://www.lazada.sg/products/nokia-215-4g-with-local-seller-warranty-i1648244607-s7754280095.html?search=1
141,Original 4G 3G 2G Feature Phone YEPEN N2A Luxury Mini Ultrathin Card Cell Phone With MP3 Bluetooth 1.67 inch Mobile Phone LTE WCDMA GSM Functinal Basic Phones,https://www.lazada.sg/products/original-4g-3g-2g-feature-phone-yepen-n2a-luxury-mini-ultrathin-card-cell-phone-with-mp3-bluetooth-167-inch-mobile-phone-lte-wcdma-gsm-functinal-basic-phones-i1102226613-s4256294909.html?search=1&freeshipping=1
142,Original And New Ulefone Armor 10 5G SmartPhone Android 10 8GB +128GB Waterproof Rugged Mobile Phone 6.67 FullScreen 64MP Octa Core Cellphone,https://www.lazada.sg/products/original-and-new-ulefone-armor-10-5g-smartphone-android-10-8gb-128gb-waterproof-rugged-mobile-phone-667-fullscreen-64mp-octa-core-cellphone-i1453980700-s6728798906.html?search=1&freeshipping=1
143,XI P40 pro+4GLTE 7.5 inch Hd large-screen smart phones 12GB+ 512GB ROM Android 10.0 Bluetooth 5.0 CellPhone,https://www.lazada.sg/products/xi-p40-pro4glte-75-inch-hd-large-screen-smart-phones-12gb-512gb-rom-android-100-bluetooth-50-cellphone-i1336334165-s5605822032.html?search=1
144,Nokias 1100 Black 2G Single card 850mAh Mobile Phone,https://www.lazada.sg/products/nokias-1100-black-2g-single-card-850mah-mobile-phone-i1608582910-s7571686649.html?search=1
145,elder feature phone long standby big keypad big words loud speaker for old people support chinese and english menu,https://www.lazada.sg/products/elder-feature-phone-long-standby-big-keypad-big-words-loud-speaker-for-old-people-support-chinese-and-english-menu-i813176462-s2708252970.html?search=1
146,【 Free shipping】 12GB RAM + 512GB ROM S30U plus smartphone Android 10.0 6.1inch cellphone Full screen MTK6889 10-core 4G network 24MP + 48MP battery 4800mah S30U plus,https://www.lazada.sg/products/free-shipping-12gb-ram-512gb-rom-s30u-plus-smartphone-android-100-61inch-cellphone-full-screen-mtk6889-10-core-4g-network-24mp-48mp-battery-4800mah-s30u-plus-i1668946579-s8007698883.html?search=1&freeshipping=1
147,Mate33 Pro MAX Mobile 6 + 128G Mobile Phone with Fingerprint Unlock Function Fast Face Recognition,https://www.lazada.sg/products/mate33-pro-max-mobile-6-128g-mobile-phone-with-fingerprint-unlock-function-fast-face-recognition-i1420698419-s6462100877.html?search=1&freeshipping=1
148,ORIGINAL mate50pro 12GB + 512GB 48MP Quad Camera 5600mAh 7.2  FHD fingerprint cheap cellphone under 1 million 12.12 smartphone mate50 pro,https://www.lazada.sg/products/original-mate50pro-12gb-512gb-48mp-quad-camera-5600mah-72-fhd-fingerprint-cheap-cellphone-under-1-million-1212-smartphone-mate50-pro-i1465766114-s6803988067.html?search=1&freeshipping=1
149,NOKIA 6300 4G 512/4GB Global ROM (Export Set) Your Conversation Starter,https://www.lazada.sg/products/nokia-6300-4g-5124gb-global-rom-export-set-your-conversation-starter-i1409144246-s6389474443.html?search=1
150,Original Nokias C1-02 1020mAh GSM FM radio English Keyboard Cellphone,https://www.lazada.sg/products/original-nokias-c1-02-1020mah-gsm-fm-radio-english-keyboard-cellphone-i1721821668-s8464964226.html?search=1
151,Original for NOKIA Flip 2720  Button Feature Phone Dual Display Micro USB Interface(4G),https://www.lazada.sg/products/original-for-nokia-flip-2720-button-feature-phone-dual-display-micro-usb-interface4g-i1607666042-s8801777740.html?search=1
152,Hontinga Casing Case For OPPO Find X3 X3 Pro 5G Case Ultra Thin Skin Feeling Frosted Transparent Hard Back Casing Soft Silicone Edge Full Cover Phone Cases Hard Case For Girls For Boys,https://www.lazada.sg/products/hontinga-casing-case-for-oppo-find-x3-x3-pro-5g-case-ultra-thin-skin-feeling-frosted-transparent-hard-back-casing-soft-silicone-edge-full-cover-phone-cases-hard-case-for-girls-for-boys-i1737780463-s8680412321.html?search=1&freeshipping=1
153,Baseus Mini Foldable Bluetooth Selfie Stick Handheld Smartphone Rack Mobile Phone Bracket for IOS/Android/Xiaomi,https://www.lazada.sg/products/baseus-mini-foldable-bluetooth-selfie-stick-handheld-smartphone-rack-mobile-phone-bracket-for-iosandroidxiaomi-i1736707416-s8664220640.html?search=1&freeshipping=1
154,Baseus Mini Foldable Bluetooth Selfie Stick Handheld Smartphone Rack Mobile Phone Bracket for IOS/Android/Xiaomi,https://www.lazada.sg/products/baseus-mini-foldable-bluetooth-selfie-stick-handheld-smartphone-rack-mobile-phone-bracket-for-iosandroidxiaomi-i1736805116-s8664641089.html?search=1&freeshipping=1
155,Baseus Mini Foldable Bluetooth Selfie Stick Handheld Smartphone Rack Mobile Phone Bracket for IOS/Android/Xiaomi,https://www.lazada.sg/products/baseus-mini-foldable-bluetooth-selfie-stick-handheld-smartphone-rack-mobile-phone-bracket-for-iosandroidxiaomi-i1736763391-s8664548437.html?search=1&freeshipping=1
156,Baseus 3-Axis Handheld Gimbal Wireless Bluetooth Phone Gimbal Stabilizer for IPhone Tripod Gimbal Smartphone Stabilizer Gimbal,https://www.lazada.sg/products/baseus-3-axis-handheld-gimbal-wireless-bluetooth-phone-gimbal-stabilizer-for-iphone-tripod-gimbal-smartphone-stabilizer-gimbal-i1736717243-s8663895160.html?search=1&freeshipping=1
157,Baseus Bluetooth Selfie Stick 3-Axis Handheld Gimbal Camera Stabilizer Foldbale Phone Holder for IPhone 12 Pro Xiaomi Huawei P30,https://www.lazada.sg/products/baseus-bluetooth-selfie-stick-3-axis-handheld-gimbal-camera-stabilizer-foldbale-phone-holder-for-iphone-12-pro-xiaomi-huawei-p30-i1736772334-s8664474600.html?search=1&freeshipping=1
158,Baseus Bluetooth Selfie Stick 3-Axis Handheld Gimbal Camera Stabilizer Foldbale Phone Holder for IPhone 12 Pro Xiaomi Huawei P30,https://www.lazada.sg/products/baseus-bluetooth-selfie-stick-3-axis-handheld-gimbal-camera-stabilizer-foldbale-phone-holder-for-iphone-12-pro-xiaomi-huawei-p30-i1736802127-s8664649005.html?search=1&freeshipping=1
159,[NEW] Xiaomi Powerbank 3 PLM18ZM 20000mAh Upgrade 2C Version 18W Fast Charging 2020 New Dual USB Input Output Port Power Bank for Apple iPhone Huawei Oppo Vivo Samsung,https://www.lazada.sg/products/new-xiaomi-powerbank-3-plm18zm-20000mah-upgrade-2c-version-18w-fast-charging-2020-new-dual-usb-input-output-port-power-bank-for-apple-iphone-huawei-oppo-vivo-samsung-i671176149-s2046648973.html?search=1&freeshipping=1
